<?xml version='1.0' encoding='UTF-8' standalone='no'?>

<!-- This model was downloaded from BioModels Database -->
<!-- Fri Dec 07 18:17:28 GMT 2012                      -->
<!-- http://www.ebi.ac.uk/biomodels/                   -->

<sbml xmlns="http://www.sbml.org/sbml/level2" level="2" xmlns:sl2="http://projects.eml.org/bcb/sbml/level2" xmlns:jd="http://www.sys-bio.org/sbml" metaid="metaid_0000001" version="1">
  <model id="Glycolysis_Nielsen" name="Nielsen1998_Glycolysis" metaid="metaid_0000002">
    <notes>
      <body xmlns="http://www.w3.org/1999/xhtml">
        <p>Reference: Nielsen et al; Biophys. Chem. (1998) 72:49-62</p>
            <p>The reaction looks like this:      <br/>
          reaction_1:    GLC + ATP -> F6P + ADP;      <br/>
          reaction_2:    F6P + ATP -> FBP + ADP;      <br/>
          reaction_3:    FBP => 2 * GAP;      <br/>
          reaction_4:    GAP + NAD -> DPG + NADH;      <br/>
          reaction_5:    DPG + ADP => PEP + ATP;      <br/>
          reaction_6:    PEP + ADP -> PYR + ATP;      <br/>
          reaction_7:    PYR -> ACA;      <br/>
          reaction_8:    ACA + NADH => EtOH + NAD;      <br/>
          reaction_9:    AMP + ATP => 2 * ADP;      <br/>
          reaction_10:   F6P -> P;      <br/>
          flow reactor:      <br/>
          flow = 1.1e-2 reactorvolume/s      <br/>
          inflow concentrations:      <br/>
          ATP  = 3.5 mM      <br/>
          ADP  = 1.1 mM      <br/>
          NADH = 0.24 mM      <br/>
          NAD  = 4.0 mM      <br/>
          GLC  = 50 mM      <br/>
                </p>
            <p>specific flow rates (in reactorvolume/seconds):      <br/>
          flow = 1.1e-2 : periodic oscillations      <br/>
          flow = 8.25e-3 : complex periodic oscillations      <br/>
          flow = 8.154e-3 : complex periodic oscillations      <br/>
          flow = 1e-3 : harmonic periodic oscillations      <br/>
          V4 = 10 mM/s instead of 20 in the paper, in order to reproduce the figures.      </p>
            <p>we can reproduce the results from the paper only If we interpret the *seconds* for the constants from table 2 as *minutes* (to correspond to the flow units in figure 9)</p>
            <p>Initial amounts are taken from a version of the model on JWS Online because table 3 of the paper contains
only the input flows for the reactor and no initial conditions for the
various species.</p>
            </body>
      
    </notes>
    <annotation>
      <rdf:RDF xmlns:rdf="http://www.w3.org/1999/02/22-rdf-syntax-ns#" xmlns:bqmodel="http://biomodels.net/model-qualifiers/" xmlns:vCard="http://www.w3.org/2001/vcard-rdf/3.0#" xmlns:dcterms="http://purl.org/dc/terms/" xmlns:dc="http://purl.org/dc/elements/1.1/" xmlns:bqbiol="http://biomodels.net/biology-qualifiers/">
        <rdf:Description rdf:about="#metaid_0000002">
          <dc:creator>
            <rdf:Bag>
              <rdf:li rdf:parseType="Resource">
                <vCard:N rdf:parseType="Resource">
                  <vCard:Family>Le Novère</vCard:Family>
                  <vCard:Given>Nicolas</vCard:Given>
                </vCard:N>
                <vCard:EMAIL>lenov@ebi.ac.uk</vCard:EMAIL>
                <vCard:ORG rdf:parseType="Resource">
                  <vCard:Orgname>EMBL-EBI</vCard:Orgname>
                </vCard:ORG>
              </rdf:li>
              <rdf:li rdf:parseType="Resource">
                <vCard:N rdf:parseType="Resource">
                  <vCard:Family>Flamm</vCard:Family>
                  <vCard:Given>Christoph</vCard:Given>
                </vCard:N>
                <vCard:EMAIL>xtof@tbi.univie.ac.at</vCard:EMAIL>
                <vCard:ORG rdf:parseType="Resource">
                  <vCard:Orgname>Institute of Theoretical Chemistry, University of Vienna</vCard:Orgname>
                </vCard:ORG>
              </rdf:li>
              <rdf:li rdf:parseType="Resource">
                <vCard:N rdf:parseType="Resource">
                  <vCard:Family>Endler</vCard:Family>
                  <vCard:Given>Lukas</vCard:Given>
                </vCard:N>
                <vCard:EMAIL>luen@tbi.univie.ac.at</vCard:EMAIL>
                <vCard:ORG rdf:parseType="Resource">
                  <vCard:Orgname>Institute of Theoretical Chemistry, University of Vienna</vCard:Orgname>
                </vCard:ORG>
              </rdf:li>
            </rdf:Bag>
          </dc:creator>
          <dcterms:created rdf:parseType="Resource">
            <dcterms:W3CDTF>2005-06-30T14:08:28Z</dcterms:W3CDTF>
          </dcterms:created>
          <dcterms:modified rdf:parseType="Resource">
            <dcterms:W3CDTF>2012-05-15T21:47:52Z</dcterms:W3CDTF>
          </dcterms:modified>
          <bqmodel:is>
            <rdf:Bag>
              <rdf:li rdf:resource="urn:miriam:biomodels.db:BIOMD0000000042"/>
            </rdf:Bag>
          </bqmodel:is>
          <bqmodel:is>
            <rdf:Bag>
              <rdf:li rdf:resource="urn:miriam:biomodels.db:MODEL6622455387"/>
            </rdf:Bag>
          </bqmodel:is>
          <bqmodel:isDescribedBy>
            <rdf:Bag>
              <rdf:li rdf:resource="urn:miriam:pubmed:17029704"/>
            </rdf:Bag>
          </bqmodel:isDescribedBy>
          <bqbiol:isVersionOf>
            <rdf:Bag>
              <rdf:li rdf:resource="urn:miriam:obo.go:GO%3A0006096"/>
            </rdf:Bag>
          </bqbiol:isVersionOf>
          <bqbiol:is>
            <rdf:Bag>
              <rdf:li rdf:resource="urn:miriam:kegg.pathway:sce00010"/>
            </rdf:Bag>
          </bqbiol:is>
          <bqbiol:occursIn>
            <rdf:Bag>
              <rdf:li rdf:resource="urn:miriam:taxonomy:4932"/>
            </rdf:Bag>
          </bqbiol:occursIn>
          <bqbiol:isHomologTo>
            <rdf:Bag>
              <rdf:li rdf:resource="urn:miriam:reactome:REACT_1383"/>
            </rdf:Bag>
          </bqbiol:isHomologTo>
        </rdf:Description>
      </rdf:RDF>
    </annotation>
      <listOfUnitDefinitions>
      <unitDefinition id="substance" name="millimole" metaid="metaid_0000069">
        <listOfUnits>
          <unit scale="-3" metaid="_748521" offset="0" multiplier="1" kind="mole"/>
        </listOfUnits>
      </unitDefinition>
      <unitDefinition id="time" name="minute" metaid="metaid_0000070">
        <listOfUnits>
          <unit metaid="_748533" offset="0" multiplier="60" kind="second"/>
        </listOfUnits>
      </unitDefinition>
    </listOfUnitDefinitions>
    <listOfCompartments>
      <compartment id="compartment" metaid="metaid_0000028" size="1">
        <annotation>
          <rdf:RDF xmlns:rdf="http://www.w3.org/1999/02/22-rdf-syntax-ns#" xmlns:bqmodel="http://biomodels.net/model-qualifiers/" xmlns:bqbiol="http://biomodels.net/biology-qualifiers/">
            <rdf:Description rdf:about="#metaid_0000028">
              <bqbiol:isVersionOf>
                <rdf:Bag>
                  <rdf:li rdf:resource="urn:miriam:obo.go:GO%3A0005737"/>
                </rdf:Bag>
              </bqbiol:isVersionOf>
            </rdf:Description>
          </rdf:RDF>
        </annotation>
      </compartment>
    </listOfCompartments>
    <listOfSpecies>
      <species id="ATP" initialAmount="4.49064" metaid="metaid_0000029" compartment="compartment">
        <annotation>
          <rdf:RDF xmlns:rdf="http://www.w3.org/1999/02/22-rdf-syntax-ns#" xmlns:bqmodel="http://biomodels.net/model-qualifiers/" xmlns:bqbiol="http://biomodels.net/biology-qualifiers/">
            <rdf:Description rdf:about="#metaid_0000029">
              <bqbiol:is>
                <rdf:Bag>
                  <rdf:li rdf:resource="urn:miriam:obo.chebi:CHEBI%3A15422"/>
                  <rdf:li rdf:resource="urn:miriam:kegg.compound:C00002"/>
                </rdf:Bag>
              </bqbiol:is>
            </rdf:Description>
          </rdf:RDF>
        </annotation>
      </species>
      <species id="ADP" initialAmount="0.108367" metaid="metaid_0000030" compartment="compartment">
        <annotation>
          <rdf:RDF xmlns:rdf="http://www.w3.org/1999/02/22-rdf-syntax-ns#" xmlns:bqmodel="http://biomodels.net/model-qualifiers/" xmlns:bqbiol="http://biomodels.net/biology-qualifiers/">
            <rdf:Description rdf:about="#metaid_0000030">
              <bqbiol:is>
                <rdf:Bag>
                  <rdf:li rdf:resource="urn:miriam:obo.chebi:CHEBI%3A16761"/>
                  <rdf:li rdf:resource="urn:miriam:kegg.compound:C00008"/>
                </rdf:Bag>
              </bqbiol:is>
            </rdf:Description>
          </rdf:RDF>
        </annotation>
      </species>
      <species id="AMP" initialAmount="0.00261149" metaid="metaid_0000031" compartment="compartment">
        <annotation>
          <rdf:RDF xmlns:rdf="http://www.w3.org/1999/02/22-rdf-syntax-ns#" xmlns:bqmodel="http://biomodels.net/model-qualifiers/" xmlns:bqbiol="http://biomodels.net/biology-qualifiers/">
            <rdf:Description rdf:about="#metaid_0000031">
              <bqbiol:is>
                <rdf:Bag>
                  <rdf:li rdf:resource="urn:miriam:obo.chebi:CHEBI%3A16027"/>
                  <rdf:li rdf:resource="urn:miriam:kegg.compound:C00020"/>
                </rdf:Bag>
              </bqbiol:is>
            </rdf:Description>
          </rdf:RDF>
        </annotation>
      </species>
      <species id="GLC" initialAmount="0.0112817" metaid="metaid_0000032" compartment="compartment">
        <annotation>
          <rdf:RDF xmlns:rdf="http://www.w3.org/1999/02/22-rdf-syntax-ns#" xmlns:bqmodel="http://biomodels.net/model-qualifiers/" xmlns:bqbiol="http://biomodels.net/biology-qualifiers/">
            <rdf:Description rdf:about="#metaid_0000032">
              <bqbiol:is>
                <rdf:Bag>
                  <rdf:li rdf:resource="urn:miriam:obo.chebi:CHEBI%3A17234"/>
                  <rdf:li rdf:resource="urn:miriam:kegg.compound:C00293"/>
                </rdf:Bag>
              </bqbiol:is>
            </rdf:Description>
          </rdf:RDF>
        </annotation>
      </species>
      <species id="F6P" initialAmount="0.65939" metaid="metaid_0000033" compartment="compartment">
        <annotation>
          <rdf:RDF xmlns:rdf="http://www.w3.org/1999/02/22-rdf-syntax-ns#" xmlns:bqmodel="http://biomodels.net/model-qualifiers/" xmlns:bqbiol="http://biomodels.net/biology-qualifiers/">
            <rdf:Description rdf:about="#metaid_0000033">
              <bqbiol:is>
                <rdf:Bag>
                  <rdf:li rdf:resource="urn:miriam:obo.chebi:CHEBI%3A20935"/>
                  <rdf:li rdf:resource="urn:miriam:kegg.compound:C05345"/>
                </rdf:Bag>
              </bqbiol:is>
            </rdf:Description>
          </rdf:RDF>
        </annotation>
      </species>
      <species id="FBP" initialAmount="0.00770135" metaid="metaid_0000034" compartment="compartment">
        <annotation>
          <rdf:RDF xmlns:rdf="http://www.w3.org/1999/02/22-rdf-syntax-ns#" xmlns:bqmodel="http://biomodels.net/model-qualifiers/" xmlns:bqbiol="http://biomodels.net/biology-qualifiers/">
            <rdf:Description rdf:about="#metaid_0000034">
              <bqbiol:is>
                <rdf:Bag>
                  <rdf:li rdf:resource="urn:miriam:obo.chebi:CHEBI%3A16905"/>
                  <rdf:li rdf:resource="urn:miriam:kegg.compound:C05378"/>
                </rdf:Bag>
              </bqbiol:is>
            </rdf:Description>
          </rdf:RDF>
        </annotation>
      </species>
      <species id="GAP" initialAmount="0.00190919" metaid="metaid_0000035" compartment="compartment">
        <annotation>
          <rdf:RDF xmlns:rdf="http://www.w3.org/1999/02/22-rdf-syntax-ns#" xmlns:bqmodel="http://biomodels.net/model-qualifiers/" xmlns:bqbiol="http://biomodels.net/biology-qualifiers/">
            <rdf:Description rdf:about="#metaid_0000035">
              <bqbiol:is>
                <rdf:Bag>
                  <rdf:li rdf:resource="urn:miriam:obo.chebi:CHEBI%3A29052"/>
                  <rdf:li rdf:resource="urn:miriam:kegg.compound:C00118"/>
                </rdf:Bag>
              </bqbiol:is>
            </rdf:Description>
          </rdf:RDF>
        </annotation>
      </species>
      <species id="NAD" initialAmount="3.62057" metaid="metaid_0000036" compartment="compartment">
        <annotation>
          <rdf:RDF xmlns:rdf="http://www.w3.org/1999/02/22-rdf-syntax-ns#" xmlns:bqmodel="http://biomodels.net/model-qualifiers/" xmlns:bqbiol="http://biomodels.net/biology-qualifiers/">
            <rdf:Description rdf:about="#metaid_0000036">
              <bqbiol:is>
                <rdf:Bag>
                  <rdf:li rdf:resource="urn:miriam:obo.chebi:CHEBI%3A15846"/>
                  <rdf:li rdf:resource="urn:miriam:kegg.compound:C00003"/>
                </rdf:Bag>
              </bqbiol:is>
            </rdf:Description>
          </rdf:RDF>
        </annotation>
      </species>
      <species id="NADH" initialAmount="0.616118" metaid="metaid_0000037" compartment="compartment">
        <annotation>
          <rdf:RDF xmlns:rdf="http://www.w3.org/1999/02/22-rdf-syntax-ns#" xmlns:bqmodel="http://biomodels.net/model-qualifiers/" xmlns:bqbiol="http://biomodels.net/biology-qualifiers/">
            <rdf:Description rdf:about="#metaid_0000037">
              <bqbiol:is>
                <rdf:Bag>
                  <rdf:li rdf:resource="urn:miriam:obo.chebi:CHEBI%3A16908"/>
                  <rdf:li rdf:resource="urn:miriam:kegg.compound:C00004"/>
                </rdf:Bag>
              </bqbiol:is>
            </rdf:Description>
          </rdf:RDF>
        </annotation>
      </species>
      <species id="DPG" initialAmount="0.299109" metaid="metaid_0000038" compartment="compartment">
        <annotation>
          <rdf:RDF xmlns:rdf="http://www.w3.org/1999/02/22-rdf-syntax-ns#" xmlns:bqmodel="http://biomodels.net/model-qualifiers/" xmlns:bqbiol="http://biomodels.net/biology-qualifiers/">
            <rdf:Description rdf:about="#metaid_0000038">
              <bqbiol:is>
                <rdf:Bag>
                  <rdf:li rdf:resource="urn:miriam:obo.chebi:CHEBI%3A16001"/>
                  <rdf:li rdf:resource="urn:miriam:kegg.compound:C00236"/>
                </rdf:Bag>
              </bqbiol:is>
            </rdf:Description>
          </rdf:RDF>
        </annotation>
      </species>
      <species id="PEP" initialAmount="0.0021125" metaid="metaid_0000039" compartment="compartment">
        <annotation>
          <rdf:RDF xmlns:rdf="http://www.w3.org/1999/02/22-rdf-syntax-ns#" xmlns:bqmodel="http://biomodels.net/model-qualifiers/" xmlns:bqbiol="http://biomodels.net/biology-qualifiers/">
            <rdf:Description rdf:about="#metaid_0000039">
              <bqbiol:is>
                <rdf:Bag>
                  <rdf:li rdf:resource="urn:miriam:obo.chebi:CHEBI%3A18021"/>
                </rdf:Bag>
              </bqbiol:is>
              <bqmodel:is>
                <rdf:Bag>
                  <rdf:li rdf:resource="urn:miriam:kegg.compound:C00074"/>
                </rdf:Bag>
              </bqmodel:is>
            </rdf:Description>
          </rdf:RDF>
        </annotation>
      </species>
      <species id="PYR" initialAmount="0.00422702" metaid="metaid_0000040" compartment="compartment">
        <annotation>
          <rdf:RDF xmlns:rdf="http://www.w3.org/1999/02/22-rdf-syntax-ns#" xmlns:bqmodel="http://biomodels.net/model-qualifiers/" xmlns:bqbiol="http://biomodels.net/biology-qualifiers/">
            <rdf:Description rdf:about="#metaid_0000040">
              <bqbiol:is>
                <rdf:Bag>
                  <rdf:li rdf:resource="urn:miriam:obo.chebi:CHEBI%3A15361"/>
                </rdf:Bag>
              </bqbiol:is>
              <bqmodel:is>
                <rdf:Bag>
                  <rdf:li rdf:resource="urn:miriam:kegg.compound:C00022"/>
                </rdf:Bag>
              </bqmodel:is>
            </rdf:Description>
          </rdf:RDF>
        </annotation>
      </species>
      <species id="ACA" initialAmount="0.0738334" metaid="metaid_0000041" compartment="compartment">
        <annotation>
          <rdf:RDF xmlns:rdf="http://www.w3.org/1999/02/22-rdf-syntax-ns#" xmlns:bqmodel="http://biomodels.net/model-qualifiers/" xmlns:bqbiol="http://biomodels.net/biology-qualifiers/">
            <rdf:Description rdf:about="#metaid_0000041">
              <bqbiol:is>
                <rdf:Bag>
                  <rdf:li rdf:resource="urn:miriam:obo.chebi:CHEBI%3A15343"/>
                  <rdf:li rdf:resource="urn:miriam:kegg.compound:C00084"/>
                </rdf:Bag>
              </bqbiol:is>
            </rdf:Description>
          </rdf:RDF>
        </annotation>
      </species>
      <species id="EtOH" initialAmount="0.33981" metaid="metaid_0000042" compartment="compartment">
        <annotation>
          <rdf:RDF xmlns:rdf="http://www.w3.org/1999/02/22-rdf-syntax-ns#" xmlns:bqmodel="http://biomodels.net/model-qualifiers/" xmlns:bqbiol="http://biomodels.net/biology-qualifiers/">
            <rdf:Description rdf:about="#metaid_0000042">
              <bqbiol:is>
                <rdf:Bag>
                  <rdf:li rdf:resource="urn:miriam:obo.chebi:CHEBI%3A16236"/>
                  <rdf:li rdf:resource="urn:miriam:kegg.compound:C00469"/>
                </rdf:Bag>
              </bqbiol:is>
            </rdf:Description>
          </rdf:RDF>
        </annotation>
      </species>
      <species id="P" initialAmount="0" metaid="metaid_0000043" compartment="compartment"/>
    </listOfSpecies>
    <listOfParameters>
      <parameter id="V1" metaid="metaid_0000003" value="0.5"/>
      <parameter id="K1GLC" metaid="metaid_0000004" value="0.1"/>
      <parameter id="K1ATP" metaid="metaid_0000005" value="0.063"/>
      <parameter id="V2" metaid="metaid_0000006" value="1.5"/>
      <parameter id="K2" metaid="metaid_0000007" value="0.0016"/>
      <parameter id="k2" metaid="metaid_0000008" value="0.017"/>
      <parameter id="K2ATP" metaid="metaid_0000009" value="0.01"/>
      <parameter id="k3f" metaid="metaid_0000010" value="1"/>
      <parameter id="k3b" metaid="metaid_0000011" value="50"/>
      <parameter id="V4" metaid="metaid_0000012" value="10"/>
      <parameter id="K4GAP" metaid="metaid_0000013" value="1"/>
      <parameter id="K4NAD" metaid="metaid_0000014" value="1"/>
      <parameter id="k5f" metaid="metaid_0000015" value="1"/>
      <parameter id="k5b" metaid="metaid_0000016" value="0.5"/>
      <parameter id="V6" metaid="metaid_0000017" value="10"/>
      <parameter id="K6PEP" metaid="metaid_0000018" value="0.2"/>
      <parameter id="K6ADP" metaid="metaid_0000019" value="0.3"/>
      <parameter id="V7" metaid="metaid_0000020" value="2"/>
      <parameter id="K7PYR" metaid="metaid_0000021" value="0.3"/>
      <parameter id="k8f" metaid="metaid_0000022" value="1"/>
      <parameter id="k8b" metaid="metaid_0000023" value="0.000143"/>
      <parameter id="k9f" metaid="metaid_0000024" value="10"/>
      <parameter id="k9b" metaid="metaid_0000025" value="10"/>
      <parameter id="k10" metaid="metaid_0000026" value="0.05"/>
      <parameter id="flow" metaid="metaid_0000027" value="0.011"/>
    </listOfParameters>
    <listOfReactions>
      <reaction id="ATPflow" metaid="metaid_0000044">
        <annotation>
          <rdf:RDF xmlns:rdf="http://www.w3.org/1999/02/22-rdf-syntax-ns#" xmlns:bqmodel="http://biomodels.net/model-qualifiers/" xmlns:bqbiol="http://biomodels.net/biology-qualifiers/">
            <rdf:Description rdf:about="#metaid_0000044">
              <bqbiol:isVersionOf>
                <rdf:Bag>
                  <rdf:li rdf:resource="urn:miriam:obo.go:GO%3A0006754"/>
                </rdf:Bag>
              </bqbiol:isVersionOf>
            </rdf:Description>
          </rdf:RDF>
        </annotation>
              <listOfProducts>
          <speciesReference species="ATP" metaid="_748545"/>
        </listOfProducts>
        <kineticLaw metaid="_748557">
          <math xmlns="http://www.w3.org/1998/Math/MathML">          
            <apply>
              <times/>
              <ci> compartment </ci>
              <apply>
                <minus/>
                <cn> 3.5 </cn>
                <ci> ATP </ci>
              </apply>
              <ci> flow </ci>
            </apply>
          </math>
        </kineticLaw>
      </reaction>
      <reaction id="ADPflow" metaid="metaid_0000045">
        <annotation>
          <rdf:RDF xmlns:rdf="http://www.w3.org/1999/02/22-rdf-syntax-ns#" xmlns:bqmodel="http://biomodels.net/model-qualifiers/" xmlns:bqbiol="http://biomodels.net/biology-qualifiers/">
            <rdf:Description rdf:about="#metaid_0000045">
              <bqbiol:isVersionOf>
                <rdf:Bag>
                  <rdf:li rdf:resource="urn:miriam:obo.go:GO%3A0006172"/>
                </rdf:Bag>
              </bqbiol:isVersionOf>
            </rdf:Description>
          </rdf:RDF>
        </annotation>
              <listOfProducts>
          <speciesReference species="ADP" metaid="_748569"/>
        </listOfProducts>
        <kineticLaw metaid="_748581">
          <math xmlns="http://www.w3.org/1998/Math/MathML">          
            <apply>
              <times/>
              <ci> compartment </ci>
              <apply>
                <minus/>
                <cn> 1.1 </cn>
                <ci> ADP </ci>
              </apply>
              <ci> flow </ci>
            </apply>
          </math>
        </kineticLaw>
      </reaction>
      <reaction id="NADHflow" metaid="metaid_0000046">
        <annotation>
          <rdf:RDF xmlns:rdf="http://www.w3.org/1999/02/22-rdf-syntax-ns#" xmlns:bqmodel="http://biomodels.net/model-qualifiers/" xmlns:bqbiol="http://biomodels.net/biology-qualifiers/">
            <rdf:Description rdf:about="#metaid_0000046">
              <bqbiol:isVersionOf>
                <rdf:Bag>
                  <rdf:li rdf:resource="urn:miriam:obo.go:GO%3A0006735"/>
                </rdf:Bag>
              </bqbiol:isVersionOf>
            </rdf:Description>
          </rdf:RDF>
        </annotation>
              <listOfProducts>
          <speciesReference species="NADH" metaid="_748593"/>
        </listOfProducts>
        <kineticLaw metaid="_748605">
          <math xmlns="http://www.w3.org/1998/Math/MathML">          
            <apply>
              <times/>
              <ci> compartment </ci>
              <apply>
                <minus/>
                <cn> 0.24 </cn>
                <ci> NADH </ci>
              </apply>
              <ci> flow </ci>
            </apply>
          </math>
        </kineticLaw>
      </reaction>
      <reaction id="NADflow" metaid="metaid_0000047">
        <annotation>
          <rdf:RDF xmlns:rdf="http://www.w3.org/1999/02/22-rdf-syntax-ns#" xmlns:bqmodel="http://biomodels.net/model-qualifiers/" xmlns:bqbiol="http://biomodels.net/biology-qualifiers/">
            <rdf:Description rdf:about="#metaid_0000047">
              <bqbiol:isVersionOf>
                <rdf:Bag>
                  <rdf:li rdf:resource="urn:miriam:obo.go:GO%3A0009435"/>
                </rdf:Bag>
              </bqbiol:isVersionOf>
            </rdf:Description>
          </rdf:RDF>
        </annotation>
              <listOfProducts>
          <speciesReference species="NAD" metaid="_748617"/>
        </listOfProducts>
        <kineticLaw metaid="_748629">
          <math xmlns="http://www.w3.org/1998/Math/MathML">          
            <apply>
              <times/>
              <ci> compartment </ci>
              <apply>
                <minus/>
                <cn> 4 </cn>
                <ci> NAD </ci>
              </apply>
              <ci> flow </ci>
            </apply>
          </math>
        </kineticLaw>
      </reaction>
      <reaction id="GLCflow" metaid="metaid_0000048">
        <annotation>
          <rdf:RDF xmlns:rdf="http://www.w3.org/1999/02/22-rdf-syntax-ns#" xmlns:bqmodel="http://biomodels.net/model-qualifiers/" xmlns:bqbiol="http://biomodels.net/biology-qualifiers/">
            <rdf:Description rdf:about="#metaid_0000048">
              <bqbiol:isVersionOf>
                <rdf:Bag>
                  <rdf:li rdf:resource="urn:miriam:obo.go:GO%3A0046323"/>
                </rdf:Bag>
              </bqbiol:isVersionOf>
            </rdf:Description>
          </rdf:RDF>
        </annotation>
              <listOfProducts>
          <speciesReference species="GLC" metaid="_748641"/>
        </listOfProducts>
        <kineticLaw metaid="_748653">
          <math xmlns="http://www.w3.org/1998/Math/MathML">          
            <apply>
              <times/>
              <ci> compartment </ci>
              <apply>
                <minus/>
                <cn type="integer"> 50 </cn>
                <ci> GLC </ci>
              </apply>
              <ci> flow </ci>
            </apply>
          </math>
        </kineticLaw>
      </reaction>
      <reaction id="F6Pflow" metaid="metaid_0000049" reversible="false">
        <annotation>
          <rdf:RDF xmlns:rdf="http://www.w3.org/1999/02/22-rdf-syntax-ns#" xmlns:bqmodel="http://biomodels.net/model-qualifiers/" xmlns:bqbiol="http://biomodels.net/biology-qualifiers/">
            <rdf:Description rdf:about="#metaid_0000049">
              <bqbiol:isVersionOf>
                <rdf:Bag>
                  <rdf:li rdf:resource="urn:miriam:obo.go:GO%3A0006002"/>
                </rdf:Bag>
              </bqbiol:isVersionOf>
            </rdf:Description>
          </rdf:RDF>
        </annotation>
              <listOfReactants>
          <speciesReference species="F6P" metaid="_748665"/>
        </listOfReactants>
        <kineticLaw metaid="_748677">
          <math xmlns="http://www.w3.org/1998/Math/MathML">          
            <apply>
              <times/>
              <ci> compartment </ci>
              <ci> F6P </ci>
              <ci> flow </ci>
            </apply>
          </math>
        </kineticLaw>
      </reaction>
      <reaction id="FBPflow" metaid="metaid_0000050" reversible="false">
        <annotation>
          <rdf:RDF xmlns:rdf="http://www.w3.org/1999/02/22-rdf-syntax-ns#" xmlns:bqmodel="http://biomodels.net/model-qualifiers/" xmlns:bqbiol="http://biomodels.net/biology-qualifiers/">
            <rdf:Description rdf:about="#metaid_0000050">
              <bqbiol:isVersionOf>
                <rdf:Bag>
                  <rdf:li rdf:resource="urn:miriam:obo.go:GO%3A0030388"/>
                </rdf:Bag>
              </bqbiol:isVersionOf>
            </rdf:Description>
          </rdf:RDF>
        </annotation>
              <listOfReactants>
          <speciesReference species="FBP" metaid="_748689"/>
        </listOfReactants>
        <kineticLaw metaid="_748701">
          <math xmlns="http://www.w3.org/1998/Math/MathML">          
            <apply>
              <times/>
              <ci> compartment </ci>
              <ci> FBP </ci>
              <ci> flow </ci>
            </apply>
          </math>
        </kineticLaw>
      </reaction>
      <reaction id="GAPflow" metaid="metaid_0000051" reversible="false">
        <annotation>
          <rdf:RDF xmlns:rdf="http://www.w3.org/1999/02/22-rdf-syntax-ns#" xmlns:bqmodel="http://biomodels.net/model-qualifiers/" xmlns:bqbiol="http://biomodels.net/biology-qualifiers/">
            <rdf:Description rdf:about="#metaid_0000051">
              <bqbiol:isVersionOf>
                <rdf:Bag>
                  <rdf:li rdf:resource="urn:miriam:obo.go:GO%3A0019683"/>
                </rdf:Bag>
              </bqbiol:isVersionOf>
            </rdf:Description>
          </rdf:RDF>
        </annotation>
              <listOfReactants>
          <speciesReference species="GAP" metaid="_748713"/>
        </listOfReactants>
        <kineticLaw metaid="_748725">
          <math xmlns="http://www.w3.org/1998/Math/MathML">          
            <apply>
              <times/>
              <ci> compartment </ci>
              <ci> GAP </ci>
              <ci> flow </ci>
            </apply>
          </math>
        </kineticLaw>
      </reaction>
      <reaction id="DPGflow" metaid="metaid_0000052" reversible="false">
        <listOfReactants>
          <speciesReference species="DPG" metaid="_748737"/>
        </listOfReactants>
        <kineticLaw metaid="_748749">
          <math xmlns="http://www.w3.org/1998/Math/MathML">          
            <apply>
              <times/>
              <ci> compartment </ci>
              <ci> DPG </ci>
              <ci> flow </ci>
            </apply>
          </math>
        </kineticLaw>
      </reaction>
      <reaction id="PEPflow" metaid="metaid_0000053" reversible="false">
        <listOfReactants>
          <speciesReference species="PEP" metaid="_748761"/>
        </listOfReactants>
        <kineticLaw metaid="_748773">
          <math xmlns="http://www.w3.org/1998/Math/MathML">          
            <apply>
              <times/>
              <ci> compartment </ci>
              <ci> PEP </ci>
              <ci> flow </ci>
            </apply>
          </math>
        </kineticLaw>
      </reaction>
      <reaction id="PYRflow" metaid="metaid_0000054" reversible="false">
        <annotation>
          <rdf:RDF xmlns:rdf="http://www.w3.org/1999/02/22-rdf-syntax-ns#" xmlns:bqmodel="http://biomodels.net/model-qualifiers/" xmlns:bqbiol="http://biomodels.net/biology-qualifiers/">
            <rdf:Description rdf:about="#metaid_0000054">
              <bqbiol:isVersionOf>
                <rdf:Bag>
                  <rdf:li rdf:resource="urn:miriam:obo.go:GO%3A0042867"/>
                </rdf:Bag>
              </bqbiol:isVersionOf>
            </rdf:Description>
          </rdf:RDF>
        </annotation>
              <listOfReactants>
          <speciesReference species="PYR" metaid="_748785"/>
        </listOfReactants>
        <kineticLaw metaid="_748797">
          <math xmlns="http://www.w3.org/1998/Math/MathML">          
            <apply>
              <times/>
              <ci> compartment </ci>
              <ci> PYR </ci>
              <ci> flow </ci>
            </apply>
          </math>
        </kineticLaw>
      </reaction>
      <reaction id="ACAflow" metaid="metaid_0000055" reversible="false">
        <annotation>
          <rdf:RDF xmlns:rdf="http://www.w3.org/1999/02/22-rdf-syntax-ns#" xmlns:bqmodel="http://biomodels.net/model-qualifiers/" xmlns:bqbiol="http://biomodels.net/biology-qualifiers/">
            <rdf:Description rdf:about="#metaid_0000055">
              <bqbiol:isVersionOf>
                <rdf:Bag>
                  <rdf:li rdf:resource="urn:miriam:obo.go:GO%3A0046187"/>
                </rdf:Bag>
              </bqbiol:isVersionOf>
            </rdf:Description>
          </rdf:RDF>
        </annotation>
              <listOfReactants>
          <speciesReference species="ACA" metaid="_748809"/>
        </listOfReactants>
        <kineticLaw metaid="_748822">
          <math xmlns="http://www.w3.org/1998/Math/MathML">          
            <apply>
              <times/>
              <ci> compartment </ci>
              <ci> ACA </ci>
              <ci> flow </ci>
            </apply>
          </math>
        </kineticLaw>
      </reaction>
      <reaction id="EtOHflow" metaid="metaid_0000056" reversible="false">
        <annotation>
          <rdf:RDF xmlns:rdf="http://www.w3.org/1999/02/22-rdf-syntax-ns#" xmlns:bqmodel="http://biomodels.net/model-qualifiers/" xmlns:bqbiol="http://biomodels.net/biology-qualifiers/">
            <rdf:Description rdf:about="#metaid_0000056">
              <bqbiol:isVersionOf>
                <rdf:Bag>
                  <rdf:li rdf:resource="urn:miriam:obo.go:GO%3A0006068"/>
                </rdf:Bag>
              </bqbiol:isVersionOf>
            </rdf:Description>
          </rdf:RDF>
        </annotation>
              <listOfReactants>
          <speciesReference species="EtOH" metaid="_748834"/>
        </listOfReactants>
        <kineticLaw metaid="_748846">
          <math xmlns="http://www.w3.org/1998/Math/MathML">          
            <apply>
              <times/>
              <ci> compartment </ci>
              <ci> EtOH </ci>
              <ci> flow </ci>
            </apply>
          </math>
        </kineticLaw>
      </reaction>
      <reaction id="AMPflow" metaid="metaid_0000057" reversible="false">
        <annotation>
          <rdf:RDF xmlns:rdf="http://www.w3.org/1999/02/22-rdf-syntax-ns#" xmlns:bqmodel="http://biomodels.net/model-qualifiers/" xmlns:bqbiol="http://biomodels.net/biology-qualifiers/">
            <rdf:Description rdf:about="#metaid_0000057">
              <bqbiol:isVersionOf>
                <rdf:Bag>
                  <rdf:li rdf:resource="urn:miriam:obo.go:GO%3A0006196"/>
                </rdf:Bag>
              </bqbiol:isVersionOf>
            </rdf:Description>
          </rdf:RDF>
        </annotation>
              <listOfReactants>
          <speciesReference species="AMP" metaid="_748858"/>
        </listOfReactants>
        <kineticLaw metaid="_748870">
          <math xmlns="http://www.w3.org/1998/Math/MathML">          
            <apply>
              <times/>
              <ci> compartment </ci>
              <ci> AMP </ci>
              <ci> flow </ci>
            </apply>
          </math>
        </kineticLaw>
      </reaction>
      <reaction id="Pflow" metaid="metaid_0000058" reversible="false">
        <listOfReactants>
          <speciesReference species="P" metaid="_748882"/>
        </listOfReactants>
        <kineticLaw metaid="_748894">
          <math xmlns="http://www.w3.org/1998/Math/MathML">          
            <apply>
              <times/>
              <ci> compartment </ci>
              <ci> P </ci>
              <ci> flow </ci>
            </apply>
          </math>
        </kineticLaw>
      </reaction>
      <reaction id="reaction_1" metaid="metaid_0000059" reversible="false">
        <annotation>
          <rdf:RDF xmlns:rdf="http://www.w3.org/1999/02/22-rdf-syntax-ns#" xmlns:bqmodel="http://biomodels.net/model-qualifiers/" xmlns:bqbiol="http://biomodels.net/biology-qualifiers/">
            <rdf:Description rdf:about="#metaid_0000059">
              <bqbiol:hasPart>
                <rdf:Bag>
                  <rdf:li rdf:resource="urn:miriam:ec-code:5.3.1.9"/>
                  <rdf:li rdf:resource="urn:miriam:ec-code:2.7.1.2"/>
                </rdf:Bag>
              </bqbiol:hasPart>
              <bqbiol:hasPart>
                <rdf:Bag>
                  <rdf:li rdf:resource="urn:miriam:kegg.reaction:R00299"/>
                  <rdf:li rdf:resource="urn:miriam:kegg.reaction:R00771"/>
                </rdf:Bag>
              </bqbiol:hasPart>
              <bqbiol:isHomologTo>
                <rdf:Bag>
                  <rdf:li rdf:resource="urn:miriam:reactome:REACT_1164"/>
                </rdf:Bag>
              </bqbiol:isHomologTo>
            </rdf:Description>
          </rdf:RDF>
        </annotation>
              <listOfReactants>
          <speciesReference species="GLC" metaid="_748906"/>
          <speciesReference species="ATP" metaid="_748918"/>
        </listOfReactants>
        <listOfProducts>
          <speciesReference species="F6P" metaid="_748930"/>
          <speciesReference species="ADP" metaid="_748942"/>
        </listOfProducts>
        <kineticLaw metaid="_748954">
          <math xmlns="http://www.w3.org/1998/Math/MathML">          
            <apply>
              <times/>
              <ci> compartment </ci>
              <apply>
                <divide/>
                <apply>
                  <times/>
                  <ci> V1 </ci>
                  <ci> ATP </ci>
                  <ci> GLC </ci>
                </apply>
                <apply>
                  <times/>
                  <apply>
                    <plus/>
                    <ci> K1GLC </ci>
                    <ci> GLC </ci>
                  </apply>
                  <apply>
                    <plus/>
                    <ci> K1ATP </ci>
                    <ci> ATP </ci>
                  </apply>
                </apply>
              </apply>
            </apply>
          </math>
        </kineticLaw>
      </reaction>
      <reaction id="reaction_2" metaid="metaid_0000060" reversible="false">
        <annotation>
          <rdf:RDF xmlns:rdf="http://www.w3.org/1999/02/22-rdf-syntax-ns#" xmlns:bqmodel="http://biomodels.net/model-qualifiers/" xmlns:bqbiol="http://biomodels.net/biology-qualifiers/">
            <rdf:Description rdf:about="#metaid_0000060">
              <bqbiol:isVersionOf>
                <rdf:Bag>
                  <rdf:li rdf:resource="urn:miriam:ec-code:2.7.1.11"/>
                  <rdf:li rdf:resource="urn:miriam:kegg.reaction:R00756"/>
                </rdf:Bag>
              </bqbiol:isVersionOf>
              <bqbiol:isHomologTo>
                <rdf:Bag>
                  <rdf:li rdf:resource="urn:miriam:reactome:REACT_1840"/>
                </rdf:Bag>
              </bqbiol:isHomologTo>
            </rdf:Description>
          </rdf:RDF>
        </annotation>
              <listOfReactants>
          <speciesReference species="F6P" metaid="_748966"/>
          <speciesReference species="ATP" metaid="_748978"/>
        </listOfReactants>
        <listOfProducts>
          <speciesReference species="FBP" metaid="_748991"/>
          <speciesReference species="ADP" metaid="_749003"/>
        </listOfProducts>
        <listOfModifiers>
          <modifierSpeciesReference species="AMP" metaid="_749015"/>
        </listOfModifiers>
        <kineticLaw metaid="_749027">
          <math xmlns="http://www.w3.org/1998/Math/MathML">          
            <apply>
              <times/>
              <ci> compartment </ci>
              <apply>
                <divide/>
                <apply>
                  <times/>
                  <ci> V2 </ci>
                  <ci> ATP </ci>
                  <apply>
                    <power/>
                    <ci> F6P </ci>
                    <cn type="integer"> 2 </cn>
                  </apply>
                </apply>
                <apply>
                  <times/>
                  <apply>
                    <plus/>
                    <apply>
                      <times/>
                      <ci> K2 </ci>
                      <apply>
                        <plus/>
                        <cn type="integer"> 1 </cn>
                        <apply>
                          <times/>
                          <ci> k2 </ci>
                          <apply>
                            <power/>
                            <apply>
                              <divide/>
                              <ci> ATP </ci>
                              <ci> AMP </ci>
                            </apply>
                            <cn type="integer"> 2 </cn>
                          </apply>
                        </apply>
                      </apply>
                    </apply>
                    <apply>
                      <power/>
                      <ci> F6P </ci>
                      <cn type="integer"> 2 </cn>
                    </apply>
                  </apply>
                  <apply>
                    <plus/>
                    <ci> K2ATP </ci>
                    <ci> ATP </ci>
                  </apply>
                </apply>
              </apply>
            </apply>
          </math>
        </kineticLaw>
      </reaction>
      <reaction id="reaction_3" metaid="metaid_0000061">
        <annotation>
          <rdf:RDF xmlns:rdf="http://www.w3.org/1999/02/22-rdf-syntax-ns#" xmlns:bqmodel="http://biomodels.net/model-qualifiers/" xmlns:bqbiol="http://biomodels.net/biology-qualifiers/">
            <rdf:Description rdf:about="#metaid_0000061">
              <bqbiol:hasPart>
                <rdf:Bag>
                  <rdf:li rdf:resource="urn:miriam:kegg.reaction:R01015"/>
                  <rdf:li rdf:resource="urn:miriam:kegg.reaction:R01070"/>
                </rdf:Bag>
              </bqbiol:hasPart>
              <bqbiol:hasPart>
                <rdf:Bag>
                  <rdf:li rdf:resource="urn:miriam:ec-code:4.1.2.13"/>
                  <rdf:li rdf:resource="urn:miriam:ec-code:5.3.1.1"/>
                </rdf:Bag>
              </bqbiol:hasPart>
              <bqbiol:isHomologTo>
                <rdf:Bag>
                  <rdf:li rdf:resource="urn:miriam:reactome:REACT_1693"/>
                </rdf:Bag>
              </bqbiol:isHomologTo>
            </rdf:Description>
          </rdf:RDF>
        </annotation>
              <listOfReactants>
          <speciesReference species="FBP" metaid="_749039"/>
        </listOfReactants>
        <listOfProducts>
          <speciesReference species="GAP" metaid="_749051" stoichiometry="2"/>
        </listOfProducts>
        <kineticLaw metaid="_749063">
          <math xmlns="http://www.w3.org/1998/Math/MathML">          
            <apply>
              <times/>
              <ci> compartment </ci>
              <apply>
                <minus/>
                <apply>
                  <times/>
                  <ci> k3f </ci>
                  <ci> FBP </ci>
                </apply>
                <apply>
                  <times/>
                  <ci> k3b </ci>
                  <apply>
                    <power/>
                    <ci> GAP </ci>
                    <cn type="integer"> 2 </cn>
                  </apply>
                </apply>
              </apply>
            </apply>
          </math>
        </kineticLaw>
      </reaction>
      <reaction id="reaction_4" metaid="metaid_0000062" reversible="false">
        <annotation>
          <rdf:RDF xmlns:rdf="http://www.w3.org/1999/02/22-rdf-syntax-ns#" xmlns:bqmodel="http://biomodels.net/model-qualifiers/" xmlns:bqbiol="http://biomodels.net/biology-qualifiers/">
            <rdf:Description rdf:about="#metaid_0000062">
              <bqbiol:isVersionOf>
                <rdf:Bag>
                  <rdf:li rdf:resource="urn:miriam:ec-code:1.2.1.12"/>
                  <rdf:li rdf:resource="urn:miriam:kegg.reaction:R01061"/>
                </rdf:Bag>
              </bqbiol:isVersionOf>
              <bqbiol:isHomologTo>
                <rdf:Bag>
                  <rdf:li rdf:resource="urn:miriam:reactome:REACT_587"/>
                </rdf:Bag>
              </bqbiol:isHomologTo>
            </rdf:Description>
          </rdf:RDF>
        </annotation>
              <listOfReactants>
          <speciesReference species="GAP" metaid="_749075"/>
          <speciesReference species="NAD" metaid="_749087"/>
        </listOfReactants>
        <listOfProducts>
          <speciesReference species="DPG" metaid="_749099"/>
          <speciesReference species="NADH" metaid="_749111"/>
        </listOfProducts>
        <kineticLaw metaid="_749123">
          <math xmlns="http://www.w3.org/1998/Math/MathML">          
            <apply>
              <times/>
              <ci> compartment </ci>
              <apply>
                <divide/>
                <apply>
                  <times/>
                  <ci> V4 </ci>
                  <ci> NAD </ci>
                  <ci> GAP </ci>
                </apply>
                <apply>
                  <times/>
                  <apply>
                    <plus/>
                    <ci> K4GAP </ci>
                    <ci> GAP </ci>
                  </apply>
                  <apply>
                    <plus/>
                    <ci> K4NAD </ci>
                    <ci> NAD </ci>
                  </apply>
                </apply>
              </apply>
            </apply>
          </math>
        </kineticLaw>
      </reaction>
      <reaction id="reaction_5" metaid="metaid_0000063">
        <annotation>
          <rdf:RDF xmlns:rdf="http://www.w3.org/1999/02/22-rdf-syntax-ns#" xmlns:bqmodel="http://biomodels.net/model-qualifiers/" xmlns:bqbiol="http://biomodels.net/biology-qualifiers/">
            <rdf:Description rdf:about="#metaid_0000063">
              <bqbiol:hasPart>
                <rdf:Bag>
                  <rdf:li rdf:resource="urn:miriam:kegg.reaction:R01518"/>
                  <rdf:li rdf:resource="urn:miriam:kegg.reaction:R01512"/>
                  <rdf:li rdf:resource="urn:miriam:kegg.reaction:R00658"/>
                </rdf:Bag>
              </bqbiol:hasPart>
              <bqbiol:hasPart>
                <rdf:Bag>
                  <rdf:li rdf:resource="urn:miriam:ec-code:2.7.2.3"/>
                  <rdf:li rdf:resource="urn:miriam:ec-code:5.4.2.1"/>
                  <rdf:li rdf:resource="urn:miriam:ec-code:4.2.1.11"/>
                </rdf:Bag>
              </bqbiol:hasPart>
              <bqbiol:hasPart>
                <rdf:Bag>
                  <rdf:li rdf:resource="urn:miriam:reactome:REACT_1771"/>
                  <rdf:li rdf:resource="urn:miriam:reactome:REACT_1400"/>
                </rdf:Bag>
              </bqbiol:hasPart>
            </rdf:Description>
          </rdf:RDF>
        </annotation>
              <listOfReactants>
          <speciesReference species="DPG" metaid="_749135"/>
          <speciesReference species="ADP" metaid="_749147"/>
        </listOfReactants>
        <listOfProducts>
          <speciesReference species="PEP" metaid="_749160"/>
          <speciesReference species="ATP" metaid="_749172"/>
        </listOfProducts>
        <kineticLaw metaid="_749184">
          <math xmlns="http://www.w3.org/1998/Math/MathML">          
            <apply>
              <times/>
              <ci> compartment </ci>
              <apply>
                <minus/>
                <apply>
                  <times/>
                  <ci> k5f </ci>
                  <ci> DPG </ci>
                  <ci> ADP </ci>
                </apply>
                <apply>
                  <times/>
                  <ci> k5b </ci>
                  <ci> PEP </ci>
                  <ci> ATP </ci>
                </apply>
              </apply>
            </apply>
          </math>
        </kineticLaw>
      </reaction>
      <reaction id="reaction_6" metaid="metaid_0000064" reversible="false">
        <annotation>
          <rdf:RDF xmlns:rdf="http://www.w3.org/1999/02/22-rdf-syntax-ns#" xmlns:bqmodel="http://biomodels.net/model-qualifiers/" xmlns:bqbiol="http://biomodels.net/biology-qualifiers/">
            <rdf:Description rdf:about="#metaid_0000064">
              <bqbiol:hasVersion>
                <rdf:Bag>
                  <rdf:li rdf:resource="urn:miriam:ec-code:2.7.1.40"/>
                  <rdf:li rdf:resource="urn:miriam:kegg.reaction:R00200"/>
                </rdf:Bag>
              </bqbiol:hasVersion>
              <bqbiol:isHomologTo>
                <rdf:Bag>
                  <rdf:li rdf:resource="urn:miriam:reactome:REACT_1911"/>
                </rdf:Bag>
              </bqbiol:isHomologTo>
            </rdf:Description>
          </rdf:RDF>
        </annotation>
              <listOfReactants>
          <speciesReference species="PEP" metaid="_749196"/>
          <speciesReference species="ADP" metaid="_749208"/>
        </listOfReactants>
        <listOfProducts>
          <speciesReference species="PYR" metaid="_749220"/>
          <speciesReference species="ATP" metaid="_749232"/>
        </listOfProducts>
        <kineticLaw metaid="_749245">
          <math xmlns="http://www.w3.org/1998/Math/MathML">          
            <apply>
              <times/>
              <ci> compartment </ci>
              <apply>
                <divide/>
                <apply>
                  <times/>
                  <ci> V6 </ci>
                  <ci> ADP </ci>
                  <ci> PEP </ci>
                </apply>
                <apply>
                  <times/>
                  <apply>
                    <plus/>
                    <ci> K6PEP </ci>
                    <ci> PEP </ci>
                  </apply>
                  <apply>
                    <plus/>
                    <ci> K6ADP </ci>
                    <ci> ADP </ci>
                  </apply>
                </apply>
              </apply>
            </apply>
          </math>
        </kineticLaw>
      </reaction>
      <reaction id="reaction_7" metaid="metaid_0000065" reversible="false">
        <annotation>
          <rdf:RDF xmlns:rdf="http://www.w3.org/1999/02/22-rdf-syntax-ns#" xmlns:bqmodel="http://biomodels.net/model-qualifiers/" xmlns:bqbiol="http://biomodels.net/biology-qualifiers/">
            <rdf:Description rdf:about="#metaid_0000065">
              <bqbiol:isVersionOf>
                <rdf:Bag>
                  <rdf:li rdf:resource="urn:miriam:ec-code:4.1.1.1"/>
                  <rdf:li rdf:resource="urn:miriam:kegg.reaction:R00224"/>
                </rdf:Bag>
              </bqbiol:isVersionOf>
            </rdf:Description>
          </rdf:RDF>
        </annotation>
              <listOfReactants>
          <speciesReference species="PYR" metaid="_749257"/>
        </listOfReactants>
        <listOfProducts>
          <speciesReference species="ACA" metaid="_749269"/>
        </listOfProducts>
        <kineticLaw metaid="_749281">
          <math xmlns="http://www.w3.org/1998/Math/MathML">          
            <apply>
              <times/>
              <ci> compartment </ci>
              <apply>
                <divide/>
                <apply>
                  <times/>
                  <ci> V7 </ci>
                  <ci> PYR </ci>
                </apply>
                <apply>
                  <plus/>
                  <ci> K7PYR </ci>
                  <ci> PYR </ci>
                </apply>
              </apply>
            </apply>
          </math>
        </kineticLaw>
      </reaction>
      <reaction id="reaction_8" metaid="metaid_0000066">
        <annotation>
          <rdf:RDF xmlns:rdf="http://www.w3.org/1999/02/22-rdf-syntax-ns#" xmlns:bqmodel="http://biomodels.net/model-qualifiers/" xmlns:bqbiol="http://biomodels.net/biology-qualifiers/">
            <rdf:Description rdf:about="#metaid_0000066">
              <bqbiol:isVersionOf>
                <rdf:Bag>
                  <rdf:li rdf:resource="urn:miriam:ec-code:1.1.1.71"/>
                  <rdf:li rdf:resource="urn:miriam:kegg.reaction:R00754"/>
                </rdf:Bag>
              </bqbiol:isVersionOf>
              <bqbiol:isHomologTo>
                <rdf:Bag>
                  <rdf:li rdf:resource="urn:miriam:reactome:REACT_799"/>
                </rdf:Bag>
              </bqbiol:isHomologTo>
            </rdf:Description>
          </rdf:RDF>
        </annotation>
              <listOfReactants>
          <speciesReference species="ACA" metaid="_749293"/>
          <speciesReference species="NADH" metaid="_749305"/>
        </listOfReactants>
        <listOfProducts>
          <speciesReference species="EtOH" metaid="_749317"/>
          <speciesReference species="NAD" metaid="_749329"/>
        </listOfProducts>
        <kineticLaw metaid="_749342">
          <math xmlns="http://www.w3.org/1998/Math/MathML">          
            <apply>
              <times/>
              <ci> compartment </ci>
              <apply>
                <minus/>
                <apply>
                  <times/>
                  <ci> k8f </ci>
                  <ci> NADH </ci>
                  <ci> ACA </ci>
                </apply>
                <apply>
                  <times/>
                  <ci> k8b </ci>
                  <ci> NAD </ci>
                  <ci> EtOH </ci>
                </apply>
              </apply>
            </apply>
          </math>
        </kineticLaw>
      </reaction>
      <reaction id="reaction_9" metaid="metaid_0000067">
        <annotation>
          <rdf:RDF xmlns:rdf="http://www.w3.org/1999/02/22-rdf-syntax-ns#" xmlns:bqmodel="http://biomodels.net/model-qualifiers/" xmlns:bqbiol="http://biomodels.net/biology-qualifiers/">
            <rdf:Description rdf:about="#metaid_0000067">
              <bqbiol:isVersionOf>
                <rdf:Bag>
                  <rdf:li rdf:resource="urn:miriam:ec-code:2.7.4.3"/>
                  <rdf:li rdf:resource="urn:miriam:kegg.reaction:R00127"/>
                </rdf:Bag>
              </bqbiol:isVersionOf>
            </rdf:Description>
          </rdf:RDF>
        </annotation>
              <listOfReactants>
          <speciesReference species="AMP" metaid="_749354"/>
          <speciesReference species="ATP" metaid="_749366"/>
        </listOfReactants>
        <listOfProducts>
          <speciesReference species="ADP" metaid="_749378" stoichiometry="2"/>
        </listOfProducts>
        <kineticLaw metaid="_749391">
          <math xmlns="http://www.w3.org/1998/Math/MathML">          
            <apply>
              <times/>
              <ci> compartment </ci>
              <apply>
                <minus/>
                <apply>
                  <times/>
                  <ci> k9f </ci>
                  <ci> AMP </ci>
                  <ci> ATP </ci>
                </apply>
                <apply>
                  <times/>
                  <ci> k9b </ci>
                  <apply>
                    <power/>
                    <ci> ADP </ci>
                    <cn type="integer"> 2 </cn>
                  </apply>
                </apply>
              </apply>
            </apply>
          </math>
        </kineticLaw>
      </reaction>
      <reaction id="reaction_10" metaid="metaid_0000068" reversible="false">
        <annotation>
          <rdf:RDF xmlns:rdf="http://www.w3.org/1999/02/22-rdf-syntax-ns#" xmlns:bqmodel="http://biomodels.net/model-qualifiers/" xmlns:bqbiol="http://biomodels.net/biology-qualifiers/">
            <rdf:Description rdf:about="#metaid_0000068">
              <bqbiol:isVersionOf>
                <rdf:Bag>
                  <rdf:li rdf:resource="urn:miriam:obo.go:GO%3A0006001"/>
                </rdf:Bag>
              </bqbiol:isVersionOf>
              <bqbiol:isHomologTo>
                <rdf:Bag>
                  <rdf:li rdf:resource="urn:miriam:reactome:REACT_1571"/>
                </rdf:Bag>
              </bqbiol:isHomologTo>
            </rdf:Description>
          </rdf:RDF>
        </annotation>
              <listOfReactants>
          <speciesReference species="F6P" metaid="_749403"/>
        </listOfReactants>
        <listOfProducts>
          <speciesReference species="P" metaid="_749415"/>
        </listOfProducts>
        <kineticLaw metaid="_749427">
          <math xmlns="http://www.w3.org/1998/Math/MathML">          
            <apply>
              <times/>
              <ci> compartment </ci>
              <ci> k10 </ci>
              <ci> F6P </ci>
            </apply>
          </math>
        </kineticLaw>
      </reaction>
    </listOfReactions>
  </model>
</sbml>
